domain,type,serp_appearances,query_count,sample_queries,sample_text,sample_url,allowed_link_method
reddit.com,community/forum,39,39,hvac service dispatching software; plumbing company scheduling software; plumber dispatch app; hvac service dispatch software; hvac dispatch programs,What Dispatch/Service software does your company use? Reddit · r/HVAC 20+ comments · 1 year ago,https://www.reddit.com/r/HVAC/comments/1f2hzmb/what_dispatchservice_software_does_your_company/,answer only if directly relevant; disclose affiliation; no duplicate posting
youtube.com,video platform,34,34,hvac service dispatching software; plumbing company scheduling software; hvac service dispatch software; hvac dispatch programs; plumbing service dispatch software,"7 Best HVAC Scheduling Software: Find the Right Tool for ... YouTube · Buddy Punch Mar 30, 2026",https://www.youtube.com/watch?v=4vru7qPnxeI,publish/comment only if value-add
quora.com,community/forum,20,20,hvac service dispatching software; plumbing company scheduling software; hvac service dispatch software; hvac dispatch programs; plumbing service dispatch software,What are some useful mobile software apps that help plumbers to do their ... Quora · 5 answers · 5 years ago,https://www.quora.com/What-are-some-useful-mobile-software-apps-that-help-plumbers-to-do-their-work,answer only if directly relevant; disclose affiliation; no duplicate posting
facebook.com,community/forum,10,10,amazon fba profitability calculator for private label; plumbing dispatch; plumbing dispatcher script; scheduling software for plumbers; plumber dispatch app,What are some good plumber service scheduling software? Facebook · Small business owners/entrepre… · 10+ comments · 3 years ago,https://www.facebook.com/groups/2815042615255352/posts/5649804765112442/,answer only if directly relevant; disclose affiliation; no duplicate posting
community.spiceworks.com,community/forum,9,9,hvac service dispatching software; hvac dispatching software; dispatch hvac software; hvac service dispatch software; dispatch software hvac,HVAC Business what software do you use Spiceworks Community · 12 years ago,https://community.spiceworks.com/t/hvac-business-what-software-do-you-use/266391,answer only if directly relevant; disclose affiliation; no duplicate posting
fourlane.com,content/other,8,8,hvac dispatching software; dispatch hvac software; hvac service dispatch software; dispatch software hvac; hvac dispatch programs,HVAC Dispatch Software | Intuit Field Service Management Fourlane https://www.fourlane.com › hvac-dispatch-software,https://www.fourlane.com/hvac-dispatch-software/,outreach/resource suggestion or guest contribution
plumbingzone.com,community/forum,6,6,plumbing company scheduling software; plumbing dispatching software; dispatch software for plumbing; plumber scheduling software; plumbing scheduling software,Field Service Management Software Plumbing Zone · 3 years ago,https://www.plumbingzone.com/threads/field-service-management-software.89410/,answer only if directly relevant; disclose affiliation; no duplicate posting
indeed.com,content/other,5,5,hvac dispatch software; plumbing dispatcher script; plumbing dispatch; hvac dispatch; hvac scheduling app,Indeed,"https://www.indeed.com/q-hvac-dispatcher-l-renton,-wa-jobs.html",outreach/resource suggestion or guest contribution
jabertsch.com,content/other,5,5,hvac scheduling and dispatch; best hvac dispatch software; dispatch programs for hvac; hvac scheduling app; hvac dispatch,"What Is the $5,000 Rule for HVAC? - J.A. Bertsch Heating & CoolingJA Bertschhttps://jabertsch.com › blog › what-is-the-5000-rule-for-...","https://jabertsch.com/blog/what-is-the-5000-rule-for-hvac/#:~:text=The%20%245%2C000%20rule%20is%20a%20guideline%20to%20help%20homeowners%20decide,is%20often%20more%20cost%2Deffective.",outreach/resource suggestion or guest contribution
instagram.com,content/other,4,4,plumber dispatch app; plumbing scheduling app; plumbing dispatch app; fieldhive vs spreadsheets,Need a plumber right now? There's an app for that. Introducing the Uber ...Instagramhttps://www.instagram.com › ...,"https://www.instagram.com/p/DW-v452D0sA/#:~:text=plumber%20right%20now%3F-,There's%20an%20app%20for%20that.,%F0%9F%93%8D%20Real%2Dtime%20tracking",outreach/resource suggestion or guest contribution
ziprecruiter.com,content/other,4,4,dispatch programs for hvac; hvac scheduling and dispatch; plumbing dispatch; hvac dispatch,More items...,https://www.ziprecruiter.com/g/Highest-Paying-HVAC-Jobs,outreach/resource suggestion or guest contribution
trycentral.com,content/other,4,4,dispatch software hvac; hvac dispatch software; dispatch hvac software; dispatch software for hvac,The Best HVAC Dispatch Software Solutions in 2025 trycentral.com https://trycentral.com › blog › hvac-dispatch-software,https://trycentral.com/blog/hvac-dispatch-software,outreach/resource suggestion or guest contribution
myquoteiq.com,content/other,4,4,dispatch programs for hvac; plumber dispatch app; dispatch scheduling software hvac; best ai for plumbers dispatch scheduling integration,Best Dispatch Software For HVAC Businesses 2026 QuoteIQ https://myquoteiq.com › Blog,https://myquoteiq.com/best-dispatch-software-hvac-2026/,outreach/resource suggestion or guest contribution
hardyplumbing.com,content/other,3,3,plumber scheduling software; plumbing dispatch app; plumber management app,How Much Does Plumbing Work Cost? Average Prices & TipsHardy Plumbinghttps://www.hardyplumbing.com › how-much-does-plu...,"https://www.hardyplumbing.com/how-much-does-plumbing-work-cost/#:~:text=Most%20plumbing%20services%20charge%20either,because%20it%20provides%20cost%20transparency.",outreach/resource suggestion or guest contribution
fieldboss.com,content/other,3,3,hvac dispatch software; hvac dispatching software; best hvac dispatch software,5 Best HVAC Field Service Software Solutions for 2026 FieldBoss https://www.fieldboss.com › Blog,https://www.fieldboss.com/blog/best-hvac-field-service-software/,outreach/resource suggestion or guest contribution
bdrco.com,content/other,3,3,hvac dispatch programs; dispatch programs for hvac; hvac scheduling and dispatch,The Best HVAC Scheduling Software For 2026 | BDR BDR | Business Development Resources https://www.bdrco.com › blog › hvac-scheduling-softw...,https://www.bdrco.com/blog/hvac-scheduling-software/,outreach/resource suggestion or guest contribution
fieldpathpro.com,content/other,2,2,hvac dispatch programs; hvac dispatch app,Best HVAC Dispatch Software 2025: Top 10 Solutions ... FieldPathPro https://fieldpathpro.com › blog › hvac-service-dispatch-...,https://fieldpathpro.com/blog/hvac-service-dispatch-software,outreach/resource suggestion or guest contribution
sourceforge.net,directory/review,2,2,hvac dispatch software ipad; managebystats alternative,Best HVAC Apps for iPad of 2026 - Reviews & Comparison SourceForge https://sourceforge.net › ... › HVAC Apps,https://sourceforge.net/software/hvac/ipad/,claim/add product profile
companycam.com,content/other,2,2,plumbing scheduling app; plumber management app,7 Best Apps for Plumbing Contractors in 2026 CompanyCam https://companycam.com › ... › CompanyCam Blog,https://companycam.com/resources/blog/apps-software-for-plumbing-contractors,outreach/resource suggestion or guest contribution
mechanicalconceptsllc.com,content/other,2,2,hvac scheduling and dispatch; hvac dispatch,HVAC Service Dispatcher - Mechanical ConceptsMechanical Conceptshttps://www.mechanicalconceptsllc.com › hvac-service-...,"https://www.mechanicalconceptsllc.com/hvac-service-dispatcher/#:~:text=The%20HVAC%20Service%20Dispatcher%20will,or%20project%20status%20and%20requirements.",outreach/resource suggestion or guest contribution
elitemedfinancials.com,content/other,2,2,hvac dispatch software; dispatch software hvac,2 more rows,https://elitemedfinancials.com/cloud-dispatch-software-nemt/,outreach/resource suggestion or guest contribution
equipter.com,content/other,2,2,dispatch programs for hvac; best hvac dispatch software,3 Handy HVAC Dispatch Software Programs Equipter https://www.equipter.com › equipter-articles › 3-handy-...,https://www.equipter.com/equipter-articles/3-handy-hvac-dispatch-software-programs,outreach/resource suggestion or guest contribution
thryv.com,content/other,2,2,plumber dispatch app; plumbing dispatch app,8 Best Scheduling & Dispatch Software for Plumbers Thryv https://www.thryv.com › Blog,https://www.thryv.com/blog/8-best-scheduling-dispatch-software-for-plumbers/,outreach/resource suggestion or guest contribution
gainhelm.com,content/other,2,2,managebystats alternative; fieldhive vs spreadsheets,ManageByStats Alternative - GainHelm vs ManageByStats 2025 gainhelm.com https://gainhelm.com › managebystats-alternative,https://gainhelm.com/managebystats-alternative,outreach/resource suggestion or guest contribution
linkedin.com,content/other,2,2,calculate amazon ppc roi; fieldhive vs spreadsheets,FieldHive Reports Now Deliver PDF & Editable DOCX Formats LinkedIn https://www.linkedin.com › posts › peter-stuart-726b071...,https://www.linkedin.com/posts/peter-stuart-726b07186_fieldhive-googledrive-workflowautomation-activity-7406106938746306560-6Ew_,outreach/resource suggestion or guest contribution
advertising.amazon.com,content/other,2,2,calculate amazon ads return on investment; calculate amazon ppc roi,Amazon Ads Marketing ROI Guide,https://advertising.amazon.com/library/guides/marketing-roi,outreach/resource suggestion or guest contribution
speedcommerce.com,content/other,2,2,selleramp sas pricing plans; calculate amazon ppc roi,How Many Amazon Sellers Make Over $100K? (And What They Really ...Speed Commercehttps://www.speedcommerce.com › insights › how-many...,"https://www.speedcommerce.com/insights/how-many-amazon-sellers-make-over-100k-and-what-they-really-take-home-an-e-commerce-series/#:~:text=Roughly%2025%25%20of%20active%20Amazon,Sounds%20impressive.",outreach/resource suggestion or guest contribution
saas.praxedo.com,content/other,1,1,hvac dispatch software ipad,Praxedo: Easy Dispatching - HVAC field service dispatch software Praxedo Corp. https://saas.praxedo.com › dispatch,https://saas.praxedo.com/software-dispatch/,outreach/resource suggestion or guest contribution
apps.apple.com,app marketplace,1,1,hvac dispatch software ipad,MyProHelper: HVAC Software - App Store Apple https://apps.apple.com › app › myprohelper-hvac-softw...,https://apps.apple.com/us/app/myprohelper-hvac-software/id1538997804,create/optimize official app listing if GainHelm has app
justanswer.com,content/other,1,1,hvac dispatch software ipad,Top HVAC Apps and Software for iPad and iPhone - Expert Q&A JustAnswer · 1 answer · 13 years ago,https://www.justanswer.com/hvac/7gwgy-hi-is-ipad-application-tech-doing-preventive.html,outreach/resource suggestion or guest contribution
getapp.com,directory/review,1,1,hvac dispatch software ipad,Best HVAC Software with Ipad 2026 | GetApp getapp.com https://www.getapp.com › HVAC,https://www.getapp.com/industries-software/hvac/os/ipad/,claim/add product profile
hvac-talk.com,content/other,1,1,hvac dispatch software ipad,iPad for Service Techs HVAC-Talk https://www.hvac-talk.com › ... › General Discussion,https://www.hvac-talk.com/threads/ipad-for-service-techs.1188141/,outreach/resource suggestion or guest contribution
zapier.com,content/other,1,1,plumbing scheduling app,The 5 best appointment schedulers and booking apps in 2026 - ZapierZapierhttps://zapier.com › blog › best-appointment-scheduling-...,https://zapier.com/blog/best-appointment-scheduling-apps/,outreach/resource suggestion or guest contribution
timeero.com,content/other,1,1,plumbing scheduling app,Best Apps for Plumbing Businesses in 2026 Timeero https://timeero.com › post › apps-plumbing-business,https://timeero.com/post/apps-plumbing-business,outreach/resource suggestion or guest contribution
planado.app,content/other,1,1,plumbing scheduling app,Plumbing Software for Job Management & Scheduling Planado https://planado.app › Industries,https://planado.app/industries/plumbers,outreach/resource suggestion or guest contribution
hvacdispatchusa.com,content/other,1,1,hvac dispatch,"HVAC in Seattle, WA hvacdispatchusa.com https://hvacdispatchusa.com › Areas",https://hvacdispatchusa.com/areas/seattle-wa/,outreach/resource suggestion or guest contribution
rockstarrecruitinggroup.com,content/other,1,1,hvac dispatch,The Essential Role of HVAC Dispatchers: More Than Just a ... Rockstar Recruiting Group https://rockstarrecruitinggroup.com › hvac › the-essenti...,https://rockstarrecruitinggroup.com/hvac/the-essential-role-of-hvac-dispatchers-more-than-just-a-call-center/,outreach/resource suggestion or guest contribution
getweave.com,content/other,1,1,plumbing scheduling software,How a Plumbing Scheduling Software Offers Flexibility in ... Weave https://www.getweave.com › how-a-plumbing-scheduli...,https://www.getweave.com/how-a-plumbing-scheduling-software-offers-flexibility-in-unpredictable-jobs/,outreach/resource suggestion or guest contribution
companionplumbing.com,content/other,1,1,plumbing dispatch,Companion Plumbing & Heating,https://www.companionplumbing.com/,outreach/resource suggestion or guest contribution
beaconplumbing.net,content/other,1,1,plumbing dispatch,Beacon Plumbing,https://www.beaconplumbing.net/emergency-plumber-sammamish-wa,outreach/resource suggestion or guest contribution
rotorooter.com,content/other,1,1,plumbing dispatch,Roto-Rooter,https://www.rotorooter.com/sammamishwa/,outreach/resource suggestion or guest contribution
homeserviceplumbers.com,content/other,1,1,plumbing dispatch,Website,https://www.homeserviceplumbers.com/,outreach/resource suggestion or guest contribution
dispatchplumbing.com,content/other,1,1,plumbing dispatch,Website,https://www.dispatchplumbing.com/,outreach/resource suggestion or guest contribution
driscollplumbing.com,content/other,1,1,plumbing dispatch,Website,http://driscollplumbing.com/,outreach/resource suggestion or guest contribution
ownedandoperated.com,content/other,1,1,plumbing dispatch,"Why You Need A Dispatcher In Your HVAC, Plumbing, and Electrical ...Owned & Operatedhttps://www.ownedandoperated.com › post › why-you-n...","https://www.ownedandoperated.com/post/why-you-need-a-dispatcher-in-your-hvac-plumbing-and-electrical-business#:~:text=As%20your%20HVAC%2C%20electrical%2C%20or,that%20of%20a%20dedicated%20dispatcher.",outreach/resource suggestion or guest contribution
ars.com,content/other,1,1,plumbing dispatch,Plumbing Company and Drain Service in Seattle WA ARS/Rescue Rooter https://www.ars.com › seattle,https://www.ars.com/seattle,outreach/resource suggestion or guest contribution
g2.com,directory/review,1,1,managebystats alternative,Top 10 ManageByStats Alternatives & Competitors in 2026 G2 https://www.g2.com › ... › ManageByStats,https://www.g2.com/products/managebystats/competitors/alternatives,claim/add product profile
sellermobile.com,content/other,1,1,managebystats alternative,SellerMobile vs Amzfinder vs ManagebyStats SellerMobile https://sellermobile.com › Competitor Analysis,https://sellermobile.com/managebystats-amzfinder-sellermobile/,outreach/resource suggestion or guest contribution
slashdot.org,content/other,1,1,managebystats alternative,Compare Informed Repricer vs. ManageByStats in 2026 Slashdot https://slashdot.org › Software › Amazon Seller Tools,https://slashdot.org/software/comparison/Informed-Repricer-vs-ManageByStats/,outreach/resource suggestion or guest contribution
businessgenieapp.com,content/other,1,1,online plumbing dispatch systems,Plumbing Dispatch Software for Emergency Response Business Genie https://www.businessgenieapp.com › Industries › Plumbing,https://www.businessgenieapp.com/industries/plumbing/dispatch-software,outreach/resource suggestion or guest contribution
specialtyansweringservice.net,content/other,1,1,plumbing dispatcher script,Sample Call Center Script: Plumbing Contractor Specialty Answering Service https://www.specialtyansweringservice.net › Sam...,https://www.specialtyansweringservice.net/wp-content/uploads/call-center-directory/construction/plumbers/Sample-Call-Center-Script-Plumbers.pdf,outreach/resource suggestion or guest contribution
dexcomm.com,content/other,1,1,plumbing dispatcher script,"Call Answering Script for HVAC, Plumbing, & Electrical ... Dexcomm https://www.dexcomm.com › blog › perfect-call-answeri...",https://www.dexcomm.com/blog/perfect-call-answering-script-hvac-plumbing-electrical-service,outreach/resource suggestion or guest contribution
shwego.com,content/other,1,1,plumbing dispatcher script,The 'Book Em All' Call Script: How This Plumber Increased ... Shwego https://shwego.com › Shwego Tips,https://shwego.com/the-book-em-all-call-script/,outreach/resource suggestion or guest contribution
getslingshot.com,content/other,1,1,plumbing dispatcher script,"Editable Call Scripts for HVAC, Plumbing, & Lawn Pros getslingshot.com https://getslingshot.com › Blog",https://getslingshot.com/downloads-resources/editable-call-scripts/,outreach/resource suggestion or guest contribution
zendesk.com,content/other,1,1,plumbing dispatcher script,88 free call centre scripts to boost your customer satisfaction | Zendesk IndiaZendeskhttps://www.zendesk.com › blog › dont-always-need-call...,"https://www.zendesk.com/in/blog/dont-always-need-call-center-scripts/#:~:text=When%20following%20up%20on%20a,%5Breiterate%20problem%2Finquiry%5D.",outreach/resource suggestion or guest contribution
valveandmeter.com,content/other,1,1,plumbing dispatcher script,25+ Of The Best Plumber Slogans to Elevate Your Business | V+M BlogValve+Meterhttps://valveandmeter.com › blog › marketing › plumbing,"https://valveandmeter.com/blog/marketing/plumbing/plumber-slogans/#:~:text=Funny%20Plumbing%20Slogans%20That%20Make%20a%20Splash,-Adding%20a%20touch&text=%E2%80%9CYour%20Throne%20is%20Our%20Command,1%20Choice%20for%20%232%20Problems%E2%80%9D",outreach/resource suggestion or guest contribution
truline.io,content/other,1,1,plumbing dispatcher script,Home Service Sales Scripts: 15 Proven Templates for HVAC ... truline.io https://truline.io › blog › sales-scripts,https://truline.io/blog/sales-scripts,outreach/resource suggestion or guest contribution
smartservice.com,content/other,1,1,plumber dispatch app,Plumbing Scheduling & Dispatch Apps for the Field Smart Service software https://www.smartservice.com › Industries,https://www.smartservice.com/industry/plumbing-apps,outreach/resource suggestion or guest contribution
razorsync.com,content/other,1,1,plumber management app,7 Must-Have Mobile Apps for Plumbers RazorSync https://www.razorsync.com › Resources,https://www.razorsync.com/resources/mobile-apps-for-plumbers/,outreach/resource suggestion or guest contribution
einpix.com,content/other,1,1,plumber management app,Best Apps for Plumbers: 23 Must-Have Tools EINPIX https://einpix.com › blog › best-apps-for-plumbers,https://einpix.com/en/blog/best-apps-for-plumbers/,outreach/resource suggestion or guest contribution
fieldproxy.com,content/other,1,1,plumber management app,Top 10 Plumbing Field Service Management Apps with ... Fieldproxy - AI https://fieldproxy.com › resources › blog › top-10-plu...,https://fieldproxy.com/resources/blog/top-10-plumbing-field-service-management-apps-with-unlimited-users-d1-9,outreach/resource suggestion or guest contribution
fieldhive.com,content/other,1,1,fieldhive vs spreadsheets,FieldHive,https://www.fieldhive.com/,outreach/resource suggestion or guest contribution
eventura.com,content/other,1,1,fieldhive vs spreadsheets,More items...,https://eventura.com/blog/erp-business-systems/pros-and-cons-of-spreadsheets-in-your-business/,outreach/resource suggestion or guest contribution
coursehero.com,content/other,1,1,fieldhive vs spreadsheets,"Benefits of Electronic Spreadsheets: Speed, Accuracy, and | Course HeroCourse Herohttps://www.coursehero.com › file › Advantages-of-Usin...","https://www.coursehero.com/file/188095567/Advantages-of-Using-Electronic-Spreadsheets-over-Manual-Spreadsheetdocx/#:~:text=Advantages%20of%20Using%20Electronic%20Spreadsheets%20over%20Manual%20Spreadsheet%20The%20electronic,for%20data%20entry%20and%20manipulation.",outreach/resource suggestion or guest contribution
fieldwire.com,content/other,1,1,fieldhive vs spreadsheets,Fieldwire vs spreadsheets Fieldwire by Hilti https://www.fieldwire.com › fieldwire-vs-spreadsheets,https://www.fieldwire.com/fieldwire-vs-spreadsheets/,outreach/resource suggestion or guest contribution
plataine.com,content/other,1,1,fieldhive vs spreadsheets,Spreadsheets vs Advanced Scheduling Software Plataine https://www.plataine.com › Blog,https://www.plataine.com/blog/spreadsheets-vs-advanced-planning-and-scheduling-software/,outreach/resource suggestion or guest contribution
rentingwell.com,content/other,1,1,fieldhive vs spreadsheets,Property Management Software vs. Spreadsheets: Key ... Renting Well https://rentingwell.com › Canadian Landlords,https://rentingwell.com/2025/02/26/property-management-software-vs-spreadsheets-key-differences/,outreach/resource suggestion or guest contribution
nrimp.dfw.state.or.us,content/other,1,1,fieldhive vs spreadsheets,Comparing Databases and Spreadsheets for Storing Data ODFW https://nrimp.dfw.state.or.us › nrimp › feature,https://nrimp.dfw.state.or.us/nrimp/feature/2003/12-2003.htm,outreach/resource suggestion or guest contribution
zenbooker.com,content/other,1,1,hvac scheduling app,HVAC Scheduling and Online Booking Software Zenbooker https://zenbooker.com › hvac-scheduling-software,https://zenbooker.com/hvac-scheduling-software,outreach/resource suggestion or guest contribution
junglescout.com,content/other,1,1,amazon fba profitability calculator for private label,Jungle Scout FBA Calculator,https://www.junglescout.com/fba-calculator/,outreach/resource suggestion or guest contribution
profitguru.com,content/other,1,1,amazon fba profitability calculator for private label,ProfitGuru FBA Calculator,https://www.profitguru.com/calculator/fba,outreach/resource suggestion or guest contribution
yotpo.com,content/other,1,1,amazon fba profitability calculator for private label,Yotpo FBA Fee Calculator,https://www.yotpo.com/tools/amazon-fba-calculator/,outreach/resource suggestion or guest contribution
amzprep.com,content/other,1,1,amazon fba profitability calculator for private label,Amazon FBA Calculator 2026: FREE Profit Margin Tool AMZ Prep https://amzprep.com › amazon-fba-profit-margin-calcul...,https://amzprep.com/amazon-fba-profit-margin-calculator/,outreach/resource suggestion or guest contribution
thefbaguys.com,content/other,1,1,calculate amazon ppc roi,The FBA Guys PPC Profitability Calculator,https://thefbaguys.com/tools/ppc-profitability-calculator,outreach/resource suggestion or guest contribution
blog.ppcassist.com,content/other,1,1,calculate amazon ppc roi,Amazon PPC ROI: Calculate and Improve Your Returns ppcassist.com https://blog.ppcassist.com › 2025/02/17 › amazon-ppc-...,https://blog.ppcassist.com/2025/02/17/amazon-ppc-roi-calculate-and-improve-your-returns/,outreach/resource suggestion or guest contribution
adbadger.com,content/other,1,1,calculate amazon ppc roi,Placement Bid Calculator for Amazon PPC Ad Badger https://www.adbadger.com › amazon-ppc-placement-bid...,https://www.adbadger.com/amazon-ppc-placement-bid-calculator/,outreach/resource suggestion or guest contribution
simplerstrategies.com,content/other,1,1,calculate amazon ppc roi,How to Track PPC ROI - Simpler StrategiesSimpler Strategieshttps://simplerstrategies.com › guides › how-to-track-ppc...,"https://simplerstrategies.com/guides/how-to-track-ppc-roi/#:~:text=Pay%2Dper%2Dclick%20(PPC,vary%20based%20on%20individual%20strategies.",outreach/resource suggestion or guest contribution
attributionapp.com,content/other,1,1,calculate amazon ppc roi,How to Accurately Measure (and Optimize) PPC ROI - Attribution AppAttribution Apphttps://www.attributionapp.com › blog › ppc-roi,"https://www.attributionapp.com/blog/ppc-roi/#:~:text=ROI%20%3D%20%5B(Revenue%20%E2%80%93%20Total%20Costs,%C3%B7%20Total%20Costs%5D%20%C3%97%20100%25&text=PPC%20ROI%20gives%20you%20a,all%20ad%20campaigns%20and%20initiatives.",outreach/resource suggestion or guest contribution
swcybernetics.in,content/other,1,1,calculate amazon ppc roi,Amazon Advertising ROI Calculator SW Cybernetics https://swcybernetics.in › resources › amazon-advertisin...,https://swcybernetics.in/resources/amazon-advertising-roi-calculator,outreach/resource suggestion or guest contribution
pro-merit.com,content/other,1,1,calculate amazon ppc roi,Maximizing ROI with Amazon PPC campaigns ProMerit https://pro-merit.com › insights › maximizing-roi-with-...,https://pro-merit.com/insights/maximizing-roi-with-amazon-ppc-campaigns/,outreach/resource suggestion or guest contribution
bidx.io,content/other,1,1,calculate amazon ppc roi,Amazon PPC Controlling: Guide to Maximizing ROI BidX | Scale Marketplace Ads https://www.bidx.io › blog › ppc-controlling,https://www.bidx.io/blog/ppc-controlling,outreach/resource suggestion or guest contribution
selleramp.com,content/other,1,1,selleramp sas pricing plans,SellerAmp Pricing Page,https://selleramp.com/pricing/,outreach/resource suggestion or guest contribution
whippy.ai,content/other,1,1,best ai for plumbers dispatch scheduling integration,Best AI Software for Plumbing Companies Guide Whippy AI https://www.whippy.ai › AI Software,https://www.whippy.ai/ai-software/best-ai-software-for-plumbing-companies,outreach/resource suggestion or guest contribution
voiceflow.com,content/other,1,1,best ai for plumbers dispatch scheduling integration,AI Agent for Plumbers Voiceflow https://www.voiceflow.com › industries › plumbers,https://www.voiceflow.com/industries/plumbers,outreach/resource suggestion or guest contribution
agentzap.ai,content/other,1,1,best ai for plumbers dispatch scheduling integration,AI Receptionist for Plumbers | Plumbing Answering Service AgentZap https://agentzap.ai › Industries,https://agentzap.ai/industries/plumbing,outreach/resource suggestion or guest contribution
appintent.com,content/other,1,1,best ai for plumbers dispatch scheduling integration,The 12 Best AI Dispatch Software of 2026 (Reviewed & Ranked) appintent.com https://www.appintent.com › software › ai › dispatch,https://www.appintent.com/software/ai/dispatch/,outreach/resource suggestion or guest contribution
xenara.ai,content/other,1,1,best ai for plumbers dispatch scheduling integration,"Custom plumbing software — CRM, dispatch, AI receptionist ... xenara.ai https://www.xenara.ai › Industries",https://www.xenara.ai/industries/plumbing,outreach/resource suggestion or guest contribution
amazongrowthlab.com,content/other,1,1,calculate amazon ads return on investment,Amazon Growth Lab ROAS Explanation,https://www.amazongrowthlab.com/blogs/roas-calculation,outreach/resource suggestion or guest contribution
bridgewaydigital.com,content/other,1,1,calculate amazon ads return on investment,"Cost of Amazon Advertising in 2026: CPC, ROI, and ... Bridgeway Digital https://bridgewaydigital.com › blog › cost-of-amazon-a...",https://bridgewaydigital.com/blog/cost-of-amazon-advertising-in-2026-cpc-roi-and-amazon-ads-pricing-guide,outreach/resource suggestion or guest contribution
medium.com,content/other,1,1,calculate amazon ads return on investment,From ACOS to ROI: How to Measure the Success of Your ... Medium · Ashwin Palo | Performance Marketer 2 years ago,https://medium.com/@ashwinpalo/from-acos-to-roi-how-to-measure-the-success-of-your-amazon-advertising-ebdd95c984be,outreach/resource suggestion or guest contribution
catapult-analytics.com,content/other,1,1,calculate amazon ads return on investment,Navigating Amazon advertising costs for maximum ROI Catapult Analytics https://www.catapult-analytics.com › navigating-amazo...,https://www.catapult-analytics.com/navigating-amazon-advertising-costs-for-maximum-roi,outreach/resource suggestion or guest contribution
skai.io,content/other,1,1,calculate amazon ads return on investment,How to Get the Best ROI from Amazon Ads - Skai skai.io https://skai.io › blog › how-to-get-the-best-roi-from-am...,https://skai.io/blog/how-to-get-the-best-roi-from-amazon-ads/,outreach/resource suggestion or guest contribution
profithelm.com,content/other,1,1,profithelm,ProfitHelm: AI Profit Analyst for Shopify ProfitHelm https://profithelm.com,https://profithelm.com/,outreach/resource suggestion or guest contribution
apps.shopify.com,content/other,1,1,profithelm,ProfitHelm: AI Profit Analyst - Know your actual profit Shopify App Store https://apps.shopify.com › profithelm,https://apps.shopify.com/profithelm,outreach/resource suggestion or guest contribution
indiehackers.com,content/other,1,1,profithelm,"14 merchants, $0 revenue, and a 33% same-day churn ... Indie Hackers https://www.indiehackers.com › post › 14-merchants-0-...",https://www.indiehackers.com/post/14-merchants-0-revenue-and-a-33-same-day-churn-problem-profithelm-update-ec9f936626,outreach/resource suggestion or guest contribution
appnavigator.io,content/other,1,1,profithelm,5-star review for ProfitHelm: AI Profit Analyst AppNavigator https://appnavigator.io › app › profithelm › reviews,https://appnavigator.io/app/profithelm/reviews/1996025,outreach/resource suggestion or guest contribution
saashub.com,content/other,1,1,profithelm,ProfitHelm reviews. Is ProfitHelm good? SaaSHub https://www.saashub.com › ... › Analytics › ProfitHelm,https://www.saashub.com/profithelm,outreach/resource suggestion or guest contribution
