query,clicks,impressions,ctr,position
hvac dispatch app,0,203,0,70.38916256157636
hvac dispatch software ipad,0,131,0,30.732824427480917
plumbing scheduling app,0,76,0,78.35526315789474
hvac dispatch,0,71,0,70.38028169014085
dispatch software for plumbing,0,70,0,79
plumbing dispatch software,0,70,0,82.35714285714286
plumber scheduling software,0,70,0,82.41428571428571
hvac dispatch software,0,66,0,83.46969696969697
plumbing scheduling software,0,57,0,83.21052631578948
hvac service dispatch software,0,52,0,83.3076923076923
plumbing dispatching software,0,51,0,84.25490196078431
hvac service dispatching software,0,48,0,77.16666666666667
hvac scheduling and dispatch,0,48,0,81.9375
scheduling software for plumbers,0,48,0,87.02083333333333
dispatch programs for hvac,0,40,0,70.975
plumbing dispatch,0,40,0,74.25
scheduling software for plumbing,0,39,0,84.61538461538461
dispatching software plumbing,0,34,0,81.47058823529412
dispatch hvac software,0,34,0,83.41176470588235
dispatch scheduling software hvac,0,32,0,74.96875
dispatch software for hvac,0,32,0,76.71875
plumbing dispatch app,0,29,0,63.58620689655172
hvac dispatch programs,0,28,0,75.92857142857143
managebystats alternative,0,25,0,9.6
hvac dispatching software,0,25,0,82.28
plumbing service dispatch software,0,22,0,90.18181818181819
online plumbing dispatch systems,0,21,0,78.85714285714286
dispatch software hvac,0,18,0,84.83333333333333
plumbing dispatcher script,0,14,0,42.285714285714285
plumber dispatch app,0,14,0,52.714285714285715
best hvac dispatch software,0,10,0,57.8
plumber management app,0,10,0,79.7
plumbing company scheduling software,0,10,0,81.2
fieldhive vs spreadsheets,0,9,0,46.55555555555556
hvac scheduling app,0,9,0,93.55555555555556
dispatching software for hvac,0,8,0,70.75
scheduling app for plumbers,0,8,0,83.625
plumbing scheduling,0,8,0,84.25
plumbing business dispatch software,0,7,0,91.28571428571429
plumbing work dispatch,0,6,0,60
plumbing work order app,0,6,0,77.83333333333333
tradesmen dispatching program,0,6,0,79.66666666666667
plumbing software for ipad,0,5,0,54.4
plumber dispatch software,0,5,0,84.8
plumbing and heating software,0,5,0,87.8
dispatch scheduling software plumbing,0,5,0,91.4
hvac dispatching,0,4,0,60
septic scheduling software,0,4,0,62.5
plumbers software,0,4,0,74.5
plumbing & heating software,0,4,0,87.25
amazon fba profitability calculator for private label,0,3,0,16.666666666666664
plumbing dispatching,0,3,0,56.333333333333336
plumbing dispatcher,0,3,0,71.66666666666667
plumbing order dispatch,0,3,0,75.66666666666667
hvac scheduling and dispatching,0,3,0,80.33333333333333
integrating gps tracking with plumbing technician dispatch software,0,3,0,80.33333333333333
plumber service software,0,3,0,85.33333333333333
mobile plumbing dispatch,0,3,0,89.66666666666667
hvac field service dispatch software,0,3,0,91
dispatch software for plumbers,0,3,0,91.33333333333333
plumbing job scheduling software,0,3,0,92
calculate amazon ppc roi,0,2,0,19
inventory lab cost,0,2,0,40.5
tradesmen dispatching application,0,2,0,63
inventory lab pricing,0,2,0,64.5
perplexitybot user agent documentation robots.txt,0,2,0,79.5
septic dispatching software,0,2,0,79.5
septic service software,0,2,0,85
plumber scheduling app,0,2,0,86.5
plumbing service scheduling software,0,2,0,89.5
jungle scout for free,0,2,0,91
selleramp sas pricing plans,0,1,0,12
best ai for plumbers dispatch scheduling integration,0,1,0,15
calculate amazon ads return on investment,0,1,0,19
profithelm,0,1,0,19
amazon fbm fulfillment fees,0,1,0,28
amazon fba fees vs seller fees,0,1,0,29
plumbing order app,0,1,0,35
helium 10 vs inventory lab,0,1,0,40
hvac dispatching app,0,1,0,45
sellerboard vs inventory lab,0,1,0,45
amazonbot user agent,0,1,0,49
air duct cleaning dispatch software,0,1,0,69
perplexitybot robots.txt user-agent documentation,0,1,0,80
perplexitybot robots.txt user agent documentation,0,1,0,81
hvac dispatch software uk,0,1,0,83
perplexitybot user-agent robots.txt,0,1,0,83
streamlining plumbing work order dispatch,0,1,0,83
plumbing dispatch best practices,0,1,0,84
perplexitybot user agent robots.txt,0,1,0,86
what is the other fee for fbm,0,1,0,86
integrated apps for plumbers,0,1,0,88
hvac appointment scheduling software,0,1,0,89
plumbing computer software,0,1,0,90
scheduling software for plumber,0,1,0,90
software for plumbers,0,1,0,90
septic business software,0,1,0,91
mobile apps for plumbing team scheduling with real time updates,0,1,0,92
perplexitybot user agent robots.txt documentation,0,1,0,92
septic company software,0,1,0,93
software for septic business,0,1,0,96
septic service management software,0,1,0,97
maintenance plumbing software,0,1,0,99
tradesmen dispatching solution,0,1,0,101
